Workbook

Sheet Cover
B2: RLS//DATA
B3: THE LICENSING LABYRINTH
B4: A Data-Driven Case Study on Microsoft Licensing Complexity
B5: “Where Data Meets Bureaucracy — And Only One Survives.”
B9: Overview
B10: This project analyzes the real-world friction of stacking Microsoft products into one workflow — the licensing “walls”, billing-system mismatches (MCA vs Microsoft 365 Commerce), and misleading admin-center errors encountered while trying to activate Power BI Premium Per User (PPU) and Copilot. It combines data analysis, SQL, UX mapping, and storytelling.
B12: Prepared by | C12: Ruben Santana — Data Analyst | Professional Licensing Survivor
B13: Date | C13: 46174
B15: Data Dictionary
B16: Table | C16: Field | D16: Type | E16: Description
B17: licensing_attempts | C17: attempt_id | D17: INT | E17: Sequential ID of each licensing attempt
B18: licensing_attempts | C18: license | D18: TEXT | E18: Microsoft product/SKU the user tried to acquire
B19: licensing_attempts | C19: result | D19: TEXT | E19: Outcome: Success or Failed
B20: licensing_attempts | C20: error_message | D20: TEXT | E20: Error/blocker returned by the admin center
B21: licensing_attempts | C21: time_lost_min | D21: INT | E21: Minutes lost on the attempt
B22: frustration_scores | C22: step | D22: TEXT | E22: Stage in the licensing journey
B23: frustration_scores | C23: frustration_score | D23: INT | E23: Self-reported frustration, scale 1-10
B25: How to Use This Workbook
B26: 1. Data tab — the two source tables (licensing_attempts, frustration_scores). Edit here; charts & KPIs update automatically.
B27: 2. Analysis tab — all KPIs and breakdowns, formula-driven from the Data tables.
B28: 3. Dashboard tab — the finished visual: 6 KPI cards + 5 charts.
B29: 4. SQL tab — copy each gray code block into a SQL tool (MySQL/Postgres/etc.): run schema → inserts → queries. Copy code only, not headings.
B30: 5. BI Guide tab — a build checklist (not a file to import). In Power BI: Get Data → Excel → this file → load both tables, then follow the guide to add measures & visuals.
B32: Disclaimer: This project is an independent portfolio piece created for educational and demonstrative purposes. All data is simulated/fictional and does not represent actual Microsoft figures, systems, or internal information. Views expressed are the author's personal commentary. Microsoft, Power BI, Copilot, and related names are trademarks of Microsoft Corporation; this project is not affiliated with, sponsored, or endorsed by Microsoft.

Sheet Data
B2: Source Data
B4: attempt_id | C4: attempt_date | D4: product | E4: category | F4: result | G4: error_message | H4: billing_account | I4: time_lost_min | J4: support_contacted | L4: step_order | M4: step | N4: phase | O4: frustration_score
B5: 1 | C5: =DATE(2026,6,2) -> 46175 | D5: Power BI PPU | E5: Analytics | F5: Failed | G5: Not eligible | H5: MCA | I5: 15 | J5: No | L5: 1 | M5: Initial PPU attempt | N5: Discovery | O5: 3
B6: 2 | C6: =DATE(2026,6,2) -> 46175 | D6: Power BI Pro | E6: Analytics | F6: Failed | G6: Not eligible | H6: MCA | I6: 10 | J6: No | L6: 2 | M6: “Not eligible” error | N6: Discovery | O6: 4
B7: 3 | C7: =DATE(2026,6,3) -> 46176 | D7: PPU Add-On | E7: Analytics | F7: Failed | G7: Requires Pro | H7: MCA | I7: 8 | J7: No | L7: 3 | M7: Missing Purchase Services | N7: Troubleshooting | O7: 6
B8: 4 | C8: =DATE(2026,6,3) -> 46176 | D8: Business Basic | E8: Core M365 | F8: Success | G8: Assigned | H8: M365 Commerce | I8: 5 | J8: No | L8: 4 | M8: Tried Power BI Pro | N8: Troubleshooting | O8: 5
B9: 5 | C9: =DATE(2026,6,4) -> 46177 | D9: PPU (after Basic) | E9: Analytics | F9: Failed | G9: MCA billing block | H9: MCA | I9: 20 | J9: Yes | L9: 5 | M9: Conflicting documentation | N9: Troubleshooting | O9: 7
B10: 6 | C10: =DATE(2026,6,4) -> 46177 | D10: Copilot for M365 | E10: AI | F10: Failed | G10: Requires base license | H10: MCA | I10: 25 | J10: No | L10: 6 | M10: Checked region & self-service | N10: Troubleshooting | O10: 6
B11: 7 | C11: =DATE(2026,6,5) -> 46178 | D11: Copilot Pro | E11: AI | F11: Failed | G11: MCA billing block | H11: MCA | I11: 18 | J11: No | L11: 7 | M11: Discovered MCA billing | N11: Discovery | O11: 8
B12: 8 | C12: =DATE(2026,6,5) -> 46178 | D12: Teams Premium | E12: Collaboration | F12: Failed | G12: Purchase services missing | H12: MCA | I12: 12 | J12: No | L12: 8 | M12: Copilot also blocked | N12: Escalation | O12: 9
B13: 9 | C13: =DATE(2026,6,6) -> 46179 | D13: Viva Suite | E13: Collaboration | F13: Failed | G13: Not eligible | H13: MCA | I13: 14 | J13: No | L13: 9 | M13: Teams Premium blocked | N13: Escalation | O13: 8
B14: 10 | C14: =DATE(2026,6,6) -> 46179 | D14: Microsoft Fabric | E14: Analytics | F14: Failed | G14: Region not supported | H14: MCA | I14: 22 | J14: Yes | L14: 10 | M14: MCA billing block confirmed | N14: Escalation | O14: 9
B15: 11 | C15: =DATE(2026,6,8) -> 46181 | D15: Power Automate Premium | E15: Automation | F15: Failed | G15: Requires base license | H15: MCA | I15: 16 | J15: No | L15: 11 | M15: Decision to contact support | N15: Escalation | O15: 10
B16: 12 | C16: =DATE(2026,6,8) -> 46181 | D16: Power Apps Premium | E16: Automation | F16: Failed | G16: Not eligible | H16: MCA | I16: 11 | J16: No | L16: 12 | M16: Awaiting billing conversion | N16: Resolution | O16: 7
B17: 13 | C17: =DATE(2026,6,9) -> 46182 | D17: Business Standard | E17: Core M365 | F17: Success | G17: Assigned | H17: M365 Commerce | I17: 6 | J17: No
B18: 14 | C18: =DATE(2026,6,9) -> 46182 | D18: Defender for Office P1 | E18: Security | F18: Failed | G18: Admin approval required | H18: MCA | I18: 9 | J18: No
B19: 15 | C19: =DATE(2026,6,10) -> 46183 | D19: Entra ID P2 | E19: Security | F19: Failed | G19: MCA billing block | H19: MCA | I19: 13 | J19: No
B20: 16 | C20: =DATE(2026,6,10) -> 46183 | D20: Visio Plan 2 | E20: Apps | F20: Failed | G20: Self-service disabled | H20: MCA | I20: 7 | J20: No
B21: 17 | C21: =DATE(2026,6,11) -> 46184 | D21: Project Plan 3 | E21: Apps | F21: Failed | G21: Self-service disabled | H21: MCA | I21: 8 | J21: No
B22: 18 | C22: =DATE(2026,6,12) -> 46185 | D22: Business Premium | E22: Core M365 | F22: Success | G22: Assigned | H22: M365 Commerce | I22: 6 | J22: No
B23: 19 | C23: =DATE(2026,6,12) -> 46185 | D23: Copilot for M365 (retry) | E23: AI | F23: Failed | G23: MCA billing block | H23: MCA | I23: 30 | J23: Yes
B24: 20 | C24: =DATE(2026,6,15) -> 46188 | D24: Teams Premium (retry) | E24: Collaboration | F24: Failed | G24: MCA billing block | H24: MCA | I24: 24 | J24: Yes
B25: 21 | C25: =DATE(2026,6,16) -> 46189 | D25: Power BI PPU (retry) | E25: Analytics | F25: Failed | G25: Conflicting documentation | H25: MCA | I25: 28 | J25: Yes
B26: 22 | C26: =DATE(2026,6,17) -> 46190 | D26: Microsoft Fabric (retry) | E26: Analytics | F26: Failed | G26: MCA billing block | H26: MCA | I26: 26 | J26: Yes
B27: 23 | C27: =DATE(2026,6,18) -> 46191 | D27: Dynamics 365 Sales | E27: CRM | F27: Failed | G27: Requires base license | H27: MCA | I27: 15 | J27: No
B28: 24 | C28: =DATE(2026,6,19) -> 46192 | D28: Billing conversion request | E28: Core M365 | F28: Success | G28: Converted to M365 Commerce | H28: M365 Commerce | I28: 45 | J28: Yes

Sheet Analysis
B2: Analysis
B4: Key Metrics | E4: By Category | J4: Chart helpers
B5: Total attempts | C5: =COUNTA(licensing_attempts[attempt_id]) -> 24 | E5: category | F5: attempts | G5: failed | H5: time_lost | J5: category | K5: time_lost | M5: step | N5: frustration
B6: Failed attempts | C6: =COUNTIF(licensing_attempts[result],"Failed") -> 20 | E6: Analytics | F6: =COUNTIF(licensing_attempts[category],E6) -> 7 | G6: =COUNTIFS(licensing_attempts[category],E6,licensing_attempts[result],"Failed") -> 7 | H6: =SUMIF(licensing_attempts[category],E6,licensing_attempts[time_lost_min]) -> 129 | J6: =E6 -> Analytics | K6: =H6 -> 129 | M6: =INDEX(frustration_scores[step],1) -> Initial PPU attempt | N6: =INDEX(frustration_scores[frustration_score],1) -> 3
B7: Successful attempts | C7: =COUNTIF(licensing_attempts[result],"Success") -> 4 | E7: AI | F7: =COUNTIF(licensing_attempts[category],E7) -> 3 | G7: =COUNTIFS(licensing_attempts[category],E7,licensing_attempts[result],"Failed") -> 3 | H7: =SUMIF(licensing_attempts[category],E7,licensing_attempts[time_lost_min]) -> 73 | J7: =E7 -> AI | K7: =H7 -> 73 | M7: =INDEX(frustration_scores[step],2) -> “Not eligible” error | N7: =INDEX(frustration_scores[frustration_score],2) -> 4
B8: Success rate | C8: =C7/C5 -> 0.16666667 | E8: Collaboration | F8: =COUNTIF(licensing_attempts[category],E8) -> 3 | G8: =COUNTIFS(licensing_attempts[category],E8,licensing_attempts[result],"Failed") -> 3 | H8: =SUMIF(licensing_attempts[category],E8,licensing_attempts[time_lost_min]) -> 50 | J8: =E8 -> Collaboration | K8: =H8 -> 50 | M8: =INDEX(frustration_scores[step],3) -> Missing Purchase Services | N8: =INDEX(frustration_scores[frustration_score],3) -> 6
B9: Total minutes lost (failed) | C9: =SUMIF(licensing_attempts[result],"Failed",licensing_attempts[time_lost_min]) -> 331 | E9: Automation | F9: =COUNTIF(licensing_attempts[category],E9) -> 2 | G9: =COUNTIFS(licensing_attempts[category],E9,licensing_attempts[result],"Failed") -> 2 | H9: =SUMIF(licensing_attempts[category],E9,licensing_attempts[time_lost_min]) -> 27 | J9: =E9 -> Automation | K9: =H9 -> 27 | M9: =INDEX(frustration_scores[step],4) -> Tried Power BI Pro | N9: =INDEX(frustration_scores[frustration_score],4) -> 5
B10: Total minutes lost (all) | C10: =SUM(licensing_attempts[time_lost_min]) -> 393 | E10: Security | F10: =COUNTIF(licensing_attempts[category],E10) -> 2 | G10: =COUNTIFS(licensing_attempts[category],E10,licensing_attempts[result],"Failed") -> 2 | H10: =SUMIF(licensing_attempts[category],E10,licensing_attempts[time_lost_min]) -> 22 | J10: =E10 -> Security | K10: =H10 -> 22 | M10: =INDEX(frustration_scores[step],5) -> Conflicting documentation | N10: =INDEX(frustration_scores[frustration_score],5) -> 7
B11: Hours lost (all) | C11: =C10/60 -> 6.55 | E11: Apps | F11: =COUNTIF(licensing_attempts[category],E11) -> 2 | G11: =COUNTIFS(licensing_attempts[category],E11,licensing_attempts[result],"Failed") -> 2 | H11: =SUMIF(licensing_attempts[category],E11,licensing_attempts[time_lost_min]) -> 15 | J11: =E11 -> Apps | K11: =H11 -> 15 | M11: =INDEX(frustration_scores[step],6) -> Checked region & self-service | N11: =INDEX(frustration_scores[frustration_score],6) -> 6
B12: Avg time per failed attempt | C12: =AVERAGEIF(licensing_attempts[result],"Failed",licensing_attempts[time_lost_min]) -> 16.55 | E12: CRM | F12: =COUNTIF(licensing_attempts[category],E12) -> 1 | G12: =COUNTIFS(licensing_attempts[category],E12,licensing_attempts[result],"Failed") -> 1 | H12: =SUMIF(licensing_attempts[category],E12,licensing_attempts[time_lost_min]) -> 15 | J12: =E12 -> CRM | K12: =H12 -> 15 | M12: =INDEX(frustration_scores[step],7) -> Discovered MCA billing | N12: =INDEX(frustration_scores[frustration_score],7) -> 8
B13: Support escalations | C13: =COUNTIF(licensing_attempts[support_contacted],"Yes") -> 7 | E13: Core M365 | F13: =COUNTIF(licensing_attempts[category],E13) -> 4 | G13: =COUNTIFS(licensing_attempts[category],E13,licensing_attempts[result],"Failed") -> 0 | H13: =SUMIF(licensing_attempts[category],E13,licensing_attempts[time_lost_min]) -> 62 | J13: =E13 -> Core M365 | K13: =H13 -> 62 | M13: =INDEX(frustration_scores[step],8) -> Copilot also blocked | N13: =INDEX(frustration_scores[frustration_score],8) -> 9
B14: % blocked by MCA billing | C14: =COUNTIF(licensing_attempts[billing_account],"MCA")/C5 -> 0.83333333 | E14: Total | F14: =SUM(F6:F13) -> 24 | G14: =SUM(G6:G13) -> 20 | H14: =SUM(H6:H13) -> 393 | M14: =INDEX(frustration_scores[step],9) -> Teams Premium blocked | N14: =INDEX(frustration_scores[frustration_score],9) -> 8
B15: Avg frustration score | C15: =AVERAGE(frustration_scores[frustration_score]) -> 6.8333333 | M15: =INDEX(frustration_scores[step],10) -> MCA billing block confirmed | N15: =INDEX(frustration_scores[frustration_score],10) -> 9
B16: Peak frustration score | C16: =MAX(frustration_scores[frustration_score]) -> 10 | M16: =INDEX(frustration_scores[step],11) -> Decision to contact support | N16: =INDEX(frustration_scores[frustration_score],11) -> 10
E17: By Error Message | M17: =INDEX(frustration_scores[step],12) -> Awaiting billing conversion | N17: =INDEX(frustration_scores[frustration_score],12) -> 7
E18: error_message | F18: occurrences
B19: By Billing Account | E19: MCA billing block | F19: =COUNTIF(licensing_attempts[error_message],E19) -> 6
B20: billing_account | C20: attempts | D20: time_lost | E20: Not eligible | F20: =COUNTIF(licensing_attempts[error_message],E20) -> 4
B21: MCA | C21: =COUNTIF(licensing_attempts[billing_account],B21) -> 20 | D21: =SUMIF(licensing_attempts[billing_account],B21,licensing_attempts[time_lost_min]) -> 331 | E21: Requires base license | F21: =COUNTIF(licensing_attempts[error_message],E21) -> 3
B22: M365 Commerce | C22: =COUNTIF(licensing_attempts[billing_account],B22) -> 4 | D22: =SUMIF(licensing_attempts[billing_account],B22,licensing_attempts[time_lost_min]) -> 62 | E22: Self-service disabled | F22: =COUNTIF(licensing_attempts[error_message],E22) -> 2
E23: Requires Pro | F23: =COUNTIF(licensing_attempts[error_message],E23) -> 1
B24: By Result | E24: Purchase services missing | F24: =COUNTIF(licensing_attempts[error_message],E24) -> 1
B25: result | C25: attempts | E25: Region not supported | F25: =COUNTIF(licensing_attempts[error_message],E25) -> 1
B26: Failed | C26: =COUNTIF(licensing_attempts[result],B26) -> 20 | E26: Admin approval required | F26: =COUNTIF(licensing_attempts[error_message],E26) -> 1
B27: Success | C27: =COUNTIF(licensing_attempts[result],B27) -> 4 | E27: Assigned | F27: =COUNTIF(licensing_attempts[error_message],E27) -> 3
E28: Converted to M365 Commerce | F28: =COUNTIF(licensing_attempts[error_message],E28) -> 1

Sheet Dashboard
B2: THE LICENSING LABYRINTH — Dashboard
B4: Total Attempts | D4: Failed | F4: Hours Lost | H4: % MCA Blocked | J4: Escalations | L4: Avg Frustration
B5: =Analysis!C5 -> 24 | D5: =Analysis!C6 -> 20 | F5: =Analysis!C11 -> 6.55 | H5: =Analysis!C14 -> 0.83333333 | J5: =Analysis!C13 -> 7 | L5: =Analysis!C15 -> 6.8333333

Sheet SQL
B2: Stage 2 — SQL Scripts
B3: Run schema + inserts first, then the analysis queries. 24 licensing attempts, 12 journey steps.
B5: -- 1. SCHEMA
B6: CREATE TABLE licensing_attempts ( attempt_id INT PRIMARY KEY, attempt_date DATE, product VARCHAR(60), category VARCHAR(30), result VARCHAR(20), error_message VARCHAR(60), billing_account VARCHAR(20), time_lost_min INT, support_contacted VARCHAR(3) );
B7: CREATE TABLE frustration_scores ( step_order INT PRIMARY KEY, step VARCHAR(100), phase VARCHAR(30), frustration_score INT );
B9: -- 2. DATA
B10: INSERT INTO licensing_attempts (attempt_id, attempt_date, product, category, result, error_message, billing_account, time_lost_min, support_contacted) VALUES (1, '2026-06-02', 'Power BI PPU', 'Analytics', 'Failed', 'Not eligible', 'MCA', 15, 'No'), (2, '2026-06-02', 'Power BI Pro', 'Analytics', 'Failed', 'Not eligible', 'MCA', 10, 'No'), (3, '2026-06-03', 'PPU Add-On', 'Analytics', 'Failed', 'Requires Pro', 'MCA', 8, 'No'), (4, '2026-06-03', 'Business Basic', 'Core M365', 'Success', 'Assigned', 'M365 Commerce', 5, 'No'), (5, '2026-06-04', 'PPU (after Basic)', 'Analytics', 'Failed', 'MCA billing block', 'MCA', 20, 'Yes'), (6, '2026-06-04', 'Copilot for M365', 'AI', 'Failed', 'Requires base license', 'MCA', 25, 'No'), (7, '2026-06-05', 'Copilot Pro', 'AI', 'Failed', 'MCA billing block', 'MCA', 18, 'No'), (8, '2026-06-05', 'Teams Premium', 'Collaboration', 'Failed', 'Purchase services missing', 'MCA', 12, 'No'), (9, '2026-06-06', 'Viva Suite', 'Collaboration', 'Failed', 'Not eligible', 'MCA', 14, 'No'), (10, '2026-06-06', 'Microsoft Fabric', 'Analytics', 'Failed', 'Region not supported', 'MCA', 22, 'Yes'), (11, '2026-06-08', 'Power Automate Premium', 'Automation', 'Failed', 'Requires base license', 'MCA', 16, 'No'), (12, '2026-06-08', 'Power Apps Premium', 'Automation', 'Failed', 'Not eligible', 'MCA', 11, 'No'), (13, '2026-06-09', 'Business Standard', 'Core M365', 'Success', 'Assigned', 'M365 Commerce', 6, 'No'), (14, '2026-06-09', 'Defender for Office P1', 'Security', 'Failed', 'Admin approval required', 'MCA', 9, 'No'), (15, '2026-06-10', 'Entra ID P2', 'Security', 'Failed', 'MCA billing block', 'MCA', 13, 'No'), (16, '2026-06-10', 'Visio Plan 2', 'Apps', 'Failed', 'Self-service disabled', 'MCA', 7, 'No'), (17, '2026-06-11', 'Project Plan 3', 'Apps', 'Failed', 'Self-service disabled', 'MCA', 8, 'No'), (18, '2026-06-12', 'Business Premium', 'Core M365', 'Success', 'Assigned', 'M365 Commerce', 6, 'No'), (19, '2026-06-12', 'Copilot for M365 (retry)', 'AI', 'Failed', 'MCA billing block', 'MCA', 30, 'Yes'), (20, '2026-06-15', 'Teams Premium (retry)', 'Collaboration', 'Failed', 'MCA billing block', 'MCA', 24, 'Yes'), (21, '2026-06-16', 'Power BI PPU (retry)', 'Analytics', 'Failed', 'Conflicting documentation', 'MCA', 28, 'Yes'), (22, '2026-06-17', 'Microsoft Fabric (retry)', 'Analytics', 'Failed', 'MCA billing block', 'MCA', 26, 'Yes'), (23, '2026-06-18', 'Dynamics 365 Sales', 'CRM', 'Failed', 'Requires base license', 'MCA', 15, 'No'), (24, '2026-06-19', 'Billing conversion request', 'Core M365', 'Success', 'Converted to M365 Commerce', 'M365 Commerce', 45, 'Yes');
B11: INSERT INTO frustration_scores (step_order, step, phase, frustration_score) VALUES (1, 'Initial PPU attempt', 'Discovery', 3), (2, '“Not eligible” error', 'Discovery', 4), (3, 'Missing Purchase Services', 'Troubleshooting', 6), (4, 'Tried Power BI Pro', 'Troubleshooting', 5), (5, 'Conflicting documentation', 'Troubleshooting', 7), (6, 'Checked region & self-service','Troubleshooting', 6), (7, 'Discovered MCA billing', 'Discovery', 8), (8, 'Copilot also blocked', 'Escalation', 9), (9, 'Teams Premium blocked', 'Escalation', 8), (10, 'MCA billing block confirmed', 'Escalation', 9), (11, 'Decision to contact support', 'Escalation', 10), (12, 'Awaiting billing conversion', 'Resolution', 7);
B13: -- 3. ANALYSIS QUERIES
B14: -- Q1: Total time lost on failed attempts SELECT SUM(time_lost_min) AS total_minutes_lost, ROUND(SUM(time_lost_min)/60.0, 1) AS total_hours_lost FROM licensing_attempts WHERE result = 'Failed';
B15: -- Q2: Most common error message SELECT error_message, COUNT(*) AS occurrences FROM licensing_attempts GROUP BY error_message ORDER BY occurrences DESC;
B16: -- Q3: Average frustration by phase SELECT phase, ROUND(AVG(frustration_score), 1) AS avg_frustration, MAX(frustration_score) AS peak FROM frustration_scores GROUP BY phase ORDER BY avg_frustration DESC;
... B24: Disclaimer: Independent portfolio project for educational purposes. All data is simulated/fictional — not real Microsoft data. Personal commentary; not affiliated with or endorsed by Microsoft. Microsoft & related names are trademarks of Microsoft Corporation.

Sheet BI Guide
B2: Stage 3 — Power BI / Tableau Build Guide
B3: Load the two Data-sheet tables (or the SQL DB from Stage 2), then build the measures and visuals below. DAX = Power BI; Tableau calculated-field equivalents in the last column.
B5: 1) Data Model
B6: • Import licensing_attempts (24 rows) and frustration_scores (12 rows).
B7: • Two independent fact tables (no shared key) — keep separate; one report page per table, or use bookmarks to flip between them.
B8: • Mark frustration_scores[step_order] as the Sort-By column for step so the journey sorts 1–12.
B9: • Set attempt_date as a Date type for the daily / running-total trend visuals.
B11: 2) Measures
B12: Measure | C12: Power BI (DAX) | D12: Tableau (calculated field)
B13: Total Attempts | C13: Total Attempts = COUNTROWS(licensing_attempts) | D13: COUNT([Attempt Id])
B14: Failed Attempts | C14: Failed = CALCULATE(COUNTROWS(licensing_attempts), licensing_attempts[result]="Failed") | D14: SUM(IF [Result]="Failed" THEN 1 ELSE 0 END)
B15: Hours Lost | C15: Hours Lost = DIVIDE(SUM(licensing_attempts[time_lost_min]), 60) | D15: SUM([Time Lost Min]) / 60
B16: % MCA Blocked | C16: Pct MCA = DIVIDE(CALCULATE(COUNTROWS(licensing_attempts), licensing_attempts[billing_account]="MCA"), [Total Attempts]) | D16: SUM(IF [Billing Account]="MCA" THEN 1 ELSE 0 END)/COUNT([Attempt Id])
B17: Support Escalations | C17: Escalations = CALCULATE(COUNTROWS(licensing_attempts), licensing_attempts[support_contacted]="Yes") | D17: SUM(IF [Support Contacted]="Yes" THEN 1 ELSE 0 END)
B18: Avg Frustration | C18: Avg Frustration = AVERAGE(frustration_scores[frustration_score]) | D18: AVG([Frustration Score])
B19: Running Time Lost | C19: Running Lost = CALCULATE(SUM(licensing_attempts[time_lost_min]), FILTER(ALL(licensing_attempts[attempt_date]), licensing_attempts[attempt_date]<=MAX(licensing_attempts[attempt_date]))) | D19: RUNNING_SUM(SUM([Time Lost Min]))
B21: 3) Visuals (recreate + extend the Excel dashboard)
B22: Visual | C22: Type | D22: Fields
B23: KPI cards (x6) | C23: Card | D23: Total Attempts, Failed, Hours Lost, % MCA Blocked, Escalations, Avg Frustration
B24: Time lost by category | C24: Clustered column | D24: Axis: category | Value: SUM(time_lost_min)
B25: Frustration over journey | C25: Line | D25: Axis: step (sort by step_order) | Value: frustration_score | optional: color by phase
B26: Error distribution | C26: Donut | D26: Legend: error_message | Value: COUNT(attempt_id)
B27: Attempts by category | C27: Bar | D27: Axis: category | Value: COUNT(attempt_id)
B28: Billing account split | C28: Donut | D28: Legend: billing_account | Value: COUNT(attempt_id)
B29: Running time lost | C29: Area / line | D29: Axis: attempt_date | Value: Running Time Lost
B30: Licensing journey flow | C30: Sankey (PBI custom visual) | D30: Attempt → Not eligible → Check billing → MCA block → Support → Conversion
B31: Slicers | C31: Slicer | D31: category, result, billing_account, support_contacted — connected to all visuals
B33: 4) Theme
B34: Primary #0078D4 (Microsoft Blue) · series blue #2563EB / green #059669 / amber #F59E0B / purple #7C3ADB / red #DC2626 · page bg #F2F4F8 · font Segoe UI · titles 11pt bold #0F2041.
B36: Disclaimer: Independent portfolio project for educational purposes. All data is simulated/fictional — not real Microsoft data. Personal commentary; not affiliated with or endorsed by Microsoft. Microsoft & related names are trademarks of Microsoft Corporation.
